engineering_id,report_date,system_uptime,api_errors,payment_success_rate,deployment
1,2026-07-01,99.95,2,99.7,No
2,2026-07-02,99.95,2,99.7,No
3,2026-07-03,99.95,2,99.7,No
4,2026-07-04,99.95,2,99.7,No
5,2026-07-05,99.95,2,99.7,No
6,2026-07-06,99.95,2,99.7,No
7,2026-07-07,99.95,2,99.7,No
8,2026-07-08,99.95,2,99.7,No
9,2026-07-09,99.95,2,99.7,No
10,2026-07-10,99.95,2,99.7,No
11,2026-07-11,99.95,2,99.7,No
12,2026-07-12,99.95,2,99.7,No
13,2026-07-13,99.95,2,99.7,No
14,2026-07-14,99.95,2,99.7,No
15,2026-07-15,99.95,2,99.7,No
16,2026-07-16,99.95,2,99.7,No
17,2026-07-17,99.95,2,99.7,No
18,2026-07-18,99.95,2,99.7,No
19,2026-07-19,99.9,11,98.1,Yes
20,2026-07-20,99.9,15,97.41,No
21,2026-07-21,99.9,13,96.57,No
22,2026-07-22,99.9,18,97.44,No
23,2026-07-23,99.9,19,96.23,No
24,2026-07-24,99.9,12,98.47,No
25,2026-07-25,99.9,13,98.03,No
26,2026-07-26,99.9,8,97.92,No
27,2026-07-27,99.9,9,96.13,No
28,2026-07-28,99.9,18,97.0,No
29,2026-07-29,99.9,12,95.92,No
30,2026-07-30,99.9,17,96.79,No
