workforce_id,work_date,scheduled_agents,present_agents,overtime_hours,absenteeism_rate
1,2026-07-01,25,24,2,4.0
2,2026-07-02,25,24,2,4.0
3,2026-07-03,25,24,2,4.0
4,2026-07-04,25,24,2,4.0
5,2026-07-05,25,24,2,4.0
6,2026-07-06,25,24,2,4.0
7,2026-07-07,25,24,2,4.0
8,2026-07-08,25,24,2,4.0
9,2026-07-09,25,24,2,4.0
10,2026-07-10,25,24,2,4.0
11,2026-07-11,25,24,2,4.0
12,2026-07-12,25,24,2,4.0
13,2026-07-13,25,24,2,4.0
14,2026-07-14,25,24,2,4.0
15,2026-07-15,25,24,2,4.0
16,2026-07-16,25,24,2,4.0
17,2026-07-17,25,24,2,4.0
18,2026-07-18,25,24,2,4.0
19,2026-07-19,25,21,10,16.0
20,2026-07-20,25,24,6,4.0
21,2026-07-21,25,23,5,8.0
22,2026-07-22,25,23,9,8.0
23,2026-07-23,25,22,8,12.0
24,2026-07-24,25,24,7,4.0
25,2026-07-25,25,22,9,12.0
26,2026-07-26,25,21,5,16.0
27,2026-07-27,25,24,6,4.0
28,2026-07-28,25,23,5,8.0
29,2026-07-29,25,24,5,4.0
30,2026-07-30,25,23,9,8.0
