qa_id,agent_id,qa_score,policy_adherence,communication,empathy,product_knowledge,evaluation_date
1,1,91.3,86.9,98.9,82.6,89.4,2026-07-06
2,1,94.1,96.4,82.9,83.0,92.9,2026-07-11
3,1,91.5,87.3,91.3,88.9,84.8,2026-07-16
4,1,90.9,97.9,92.9,82.2,96.8,2026-07-21
5,1,94.0,94.6,86.5,85.6,83.0,2026-07-26
6,1,82.1,93.7,93.7,98.5,94.5,2026-07-30
7,2,90.1,82.0,91.9,96.0,89.6,2026-07-06
8,2,85.2,87.1,83.1,98.1,97.5,2026-07-11
9,2,96.7,91.4,89.3,82.1,86.9,2026-07-16
10,2,97.8,95.3,84.5,84.6,90.8,2026-07-21
11,2,83.3,93.9,95.5,98.6,90.1,2026-07-26
12,2,84.0,92.5,98.0,83.1,90.0,2026-07-30
13,3,91.7,98.3,97.6,94.4,93.1,2026-07-06
14,3,93.4,87.6,92.8,87.1,97.1,2026-07-11
15,3,89.2,84.7,81.2,80.4,90.5,2026-07-16
16,3,91.4,80.1,93.4,81.1,81.3,2026-07-21
17,3,82.5,86.3,89.8,85.3,89.2,2026-07-26
18,3,90.6,93.7,96.8,90.9,84.6,2026-07-30
19,4,89.6,87.7,81.8,92.5,86.7,2026-07-06
20,4,88.6,96.4,81.0,92.4,92.3,2026-07-11
21,4,83.0,93.8,95.2,82.1,83.6,2026-07-16
22,4,90.6,82.7,83.5,88.8,96.6,2026-07-21
23,4,83.2,95.4,96.3,81.9,92.4,2026-07-26
24,4,90.6,80.3,81.8,94.3,84.5,2026-07-30
25,5,88.5,89.1,96.4,97.1,83.1,2026-07-06
26,5,82.0,87.4,97.6,94.9,85.4,2026-07-11
27,5,93.1,93.9,94.9,92.6,89.2,2026-07-16
28,5,85.0,84.1,81.1,94.0,81.2,2026-07-21
29,5,87.0,81.0,89.1,97.5,90.1,2026-07-26
30,5,82.9,89.6,96.2,81.3,81.3,2026-07-30
31,6,95.8,87.7,97.9,90.8,91.0,2026-07-06
32,6,82.6,81.6,92.5,90.7,86.0,2026-07-11
33,6,86.2,92.7,86.0,85.0,82.5,2026-07-16
34,6,92.3,88.7,97.7,97.8,80.2,2026-07-21
35,6,91.9,90.7,81.9,90.2,89.6,2026-07-26
36,6,84.1,86.6,81.3,84.6,85.4,2026-07-30
37,7,89.0,90.3,85.7,98.7,95.3,2026-07-06
38,7,90.5,92.7,90.5,97.7,82.0,2026-07-11
39,7,96.1,85.0,96.9,94.1,83.0,2026-07-16
40,7,86.5,84.0,86.5,93.1,96.2,2026-07-21
41,7,90.1,84.8,97.3,81.0,92.1,2026-07-26
42,7,95.3,80.8,86.3,82.5,98.6,2026-07-30
43,8,84.6,88.4,93.4,90.7,82.1,2026-07-06
44,8,97.1,93.1,82.8,80.7,87.0,2026-07-11
45,8,90.8,88.2,80.8,86.9,97.7,2026-07-16
46,8,97.6,80.8,86.8,93.0,92.7,2026-07-21
47,8,87.7,90.6,96.6,98.5,94.2,2026-07-26
48,8,96.8,84.5,83.1,95.2,83.4,2026-07-30
49,9,88.6,83.4,97.6,94.9,87.8,2026-07-06
50,9,92.7,94.0,84.7,83.0,93.3,2026-07-11
51,9,88.1,80.7,88.9,83.8,97.5,2026-07-16
52,9,87.6,95.6,96.6,84.2,92.5,2026-07-21
53,9,88.4,85.3,81.3,94.7,86.7,2026-07-26
54,9,90.2,92.9,96.0,86.3,80.5,2026-07-30
55,10,96.0,85.0,91.0,98.7,80.7,2026-07-06
56,10,91.5,86.6,94.9,88.3,98.7,2026-07-11
57,10,83.9,97.1,83.6,80.8,88.3,2026-07-16
58,10,90.3,95.3,93.1,97.9,94.0,2026-07-21
59,10,85.2,88.2,98.0,97.5,91.8,2026-07-26
60,10,92.6,82.4,97.1,89.6,92.7,2026-07-30
61,11,87.2,93.2,90.5,83.6,92.6,2026-07-06
62,11,88.1,94.2,83.3,90.8,87.7,2026-07-11
63,11,95.3,85.8,84.0,94.9,91.5,2026-07-16
64,11,87.2,88.4,92.8,89.7,95.1,2026-07-21
65,11,97.4,94.0,92.5,85.4,92.6,2026-07-26
66,11,91.9,81.8,98.1,84.5,85.9,2026-07-30
67,12,94.9,82.8,80.9,98.7,91.6,2026-07-06
68,12,94.3,88.7,96.8,90.9,93.6,2026-07-11
69,12,88.1,87.6,82.8,93.1,97.0,2026-07-16
70,12,95.8,96.8,94.8,84.2,95.3,2026-07-21
71,12,93.1,88.8,90.6,97.4,82.3,2026-07-26
72,12,84.1,88.8,90.1,90.6,86.0,2026-07-30
73,13,94.1,88.4,95.5,96.9,88.1,2026-07-06
74,13,96.5,88.5,83.0,96.4,88.6,2026-07-11
75,13,94.0,96.0,85.3,94.8,89.2,2026-07-16
76,13,85.8,88.4,93.6,84.5,86.4,2026-07-21
77,13,96.3,81.5,82.9,87.3,82.9,2026-07-26
78,13,85.4,87.9,86.3,88.9,81.2,2026-07-30
79,14,95.3,87.4,94.6,98.0,80.4,2026-07-06
80,14,96.1,90.9,89.1,97.9,85.7,2026-07-11
81,14,88.2,96.9,95.9,90.2,94.0,2026-07-16
82,14,94.8,97.1,89.3,85.2,89.2,2026-07-21
83,14,88.2,92.7,95.2,93.8,96.0,2026-07-26
84,14,96.7,98.6,90.1,97.2,91.2,2026-07-30
85,15,92.6,81.6,88.1,96.5,83.5,2026-07-06
86,15,86.2,86.2,88.6,86.4,96.7,2026-07-11
87,15,86.5,98.1,88.0,95.9,88.9,2026-07-16
88,15,94.0,81.0,98.1,84.3,81.3,2026-07-21
89,15,97.3,80.8,80.6,84.7,95.9,2026-07-26
90,15,91.9,84.5,89.0,82.2,98.0,2026-07-30
91,16,89.4,84.9,87.0,91.5,98.3,2026-07-06
92,16,93.5,94.8,83.1,85.9,91.0,2026-07-11
93,16,96.9,90.9,97.3,87.1,97.9,2026-07-16
94,16,85.2,91.2,95.8,84.6,93.2,2026-07-21
95,16,86.8,93.0,95.3,95.1,90.8,2026-07-26
96,16,82.7,90.1,92.6,81.3,92.3,2026-07-30
97,17,82.2,88.0,89.3,88.2,86.9,2026-07-06
98,17,96.3,88.7,82.9,83.3,89.9,2026-07-11
99,17,92.4,91.7,97.5,94.7,88.8,2026-07-16
100,17,95.2,91.3,86.1,84.7,97.8,2026-07-21
101,17,86.5,88.6,94.3,90.8,92.7,2026-07-26
102,17,87.4,89.4,86.2,89.3,86.7,2026-07-30
103,18,86.1,85.3,91.3,96.7,90.6,2026-07-06
104,18,90.3,83.6,84.6,87.7,90.5,2026-07-11
105,18,85.8,89.0,93.5,88.5,80.3,2026-07-16
106,18,86.7,87.7,84.6,92.6,87.0,2026-07-21
107,18,90.9,86.5,98.9,90.5,86.7,2026-07-26
108,18,89.3,85.8,84.4,93.7,86.0,2026-07-30
109,19,93.9,98.1,93.1,83.6,94.0,2026-07-06
110,19,86.4,91.2,94.4,91.3,98.6,2026-07-11
111,19,95.3,85.6,86.9,85.7,93.5,2026-07-16
112,19,84.0,80.9,81.0,85.6,97.9,2026-07-21
113,19,92.2,94.3,81.9,80.2,85.4,2026-07-26
114,19,89.7,86.5,98.3,84.8,96.4,2026-07-30
115,20,83.8,81.2,89.3,91.0,93.0,2026-07-06
116,20,84.4,95.4,98.0,81.6,84.7,2026-07-11
117,20,90.9,87.9,91.3,91.7,94.7,2026-07-16
118,20,88.1,97.3,85.6,91.2,88.1,2026-07-21
119,20,91.1,81.1,98.2,81.9,94.5,2026-07-26
120,20,92.0,85.0,81.5,84.6,90.5,2026-07-30
121,21,84.5,87.8,93.1,88.9,80.6,2026-07-06
122,21,86.6,85.4,96.3,81.4,84.4,2026-07-11
123,21,86.2,95.0,91.2,95.3,83.8,2026-07-16
124,21,83.8,84.3,82.8,85.0,82.7,2026-07-21
125,21,83.0,95.1,91.3,95.7,97.5,2026-07-26
126,21,89.0,88.9,85.8,87.6,85.2,2026-07-30
127,22,90.6,88.3,91.4,96.9,94.0,2026-07-06
128,22,91.7,80.5,84.3,92.8,96.3,2026-07-11
129,22,91.4,80.4,94.5,95.6,90.9,2026-07-16
130,22,94.2,83.3,89.9,88.4,85.3,2026-07-21
131,22,98.0,88.3,95.5,98.4,88.9,2026-07-26
132,22,88.5,86.1,82.0,83.1,87.8,2026-07-30
133,23,89.9,92.6,87.6,94.4,80.7,2026-07-06
134,23,83.4,84.8,82.2,94.7,96.4,2026-07-11
135,23,95.2,80.0,96.5,88.8,81.0,2026-07-16
136,23,90.3,91.8,89.5,88.4,81.0,2026-07-21
137,23,86.3,82.5,85.5,96.7,89.2,2026-07-26
138,23,82.5,92.0,95.2,93.5,85.9,2026-07-30
139,24,82.2,87.8,84.3,96.0,82.2,2026-07-06
140,24,97.2,92.3,82.9,97.7,85.5,2026-07-11
141,24,93.3,87.9,89.2,89.0,88.7,2026-07-16
142,24,84.3,83.6,91.4,94.2,82.6,2026-07-21
143,24,83.1,94.7,96.2,86.5,95.0,2026-07-26
144,24,86.3,80.0,93.8,95.9,91.0,2026-07-30
145,25,92.6,96.4,88.5,89.2,86.3,2026-07-06
146,25,94.2,87.2,97.7,96.5,98.6,2026-07-11
147,25,85.8,87.3,96.3,87.8,86.0,2026-07-16
148,25,89.6,97.4,87.2,98.8,95.1,2026-07-21
149,25,92.4,82.9,98.3,82.4,98.3,2026-07-26
150,25,87.3,81.9,96.1,81.9,97.3,2026-07-30
