ticket_id,ticket_date,customer_id,customer_type,region,issue_type,channel,agent_id,resolution_time,first_response_time,fcr,sla_breached,csat,payment_provider
1,7/1/2026,1001,VIP,Rwanda,Login Issue,Chat,16,41,6,No,No,5,MTN MoMo
2,7/28/2026,1002,Returning,Uganda,Payment Failure,Chat,20,16,4,No,No,3,Airtel Money
3,7/8/2026,1003,New,Cameroon,Withdrawal Delay,Social,6,46,15,Yes,No,5,MTN MoMo
4,7/11/2026,1004,Returning,Kenya,Payment Failure,Social,5,39,9,No,No,2,Card
5,7/22/2026,1005,New,Ghana,Login Issue,Social,20,38,8,Yes,No,3,Orange Money
6,7/15/2026,1006,Returning,Cameroon,Verification,Social,10,77,3,Yes,No,5,Flutterwave
7,7/12/2026,1007,VIP,Kenya,Verification,Social,10,33,7,No,No,5,MTN MoMo
8,7/8/2026,1008,VIP,Kenya,Cashout Delay,Phone,1,58,5,Yes,No,4,Card
9,7/28/2026,1009,Returning,Rwanda,Payment Failure,Phone,8,32,10,No,Yes,3,Orange Money
10,7/21/2026,1010,Returning,Uganda,Payment Failure,Chat,19,54,12,No,Yes,1,Airtel Money
11,7/11/2026,1011,New,Rwanda,Cashout Delay,Phone,17,72,15,No,No,4,Orange Money
12,7/9/2026,1012,VIP,Kenya,Feature Request,Chat,15,17,3,Yes,No,4,Flutterwave
13,7/28/2026,1013,Returning,Cameroon,Technical Bug,Phone,18,23,8,No,No,2,Airtel Money
14,7/19/2026,1014,New,Rwanda,Payment Failure,Social,1,79,6,No,No,2,Orange Money
15,7/21/2026,1015,VIP,Kenya,Payment Failure,Social,4,25,1,No,No,3,Airtel Money
16,7/16/2026,1016,New,Ghana,Withdrawal Delay,Email,13,66,6,No,No,3,Card
17,7/24/2026,1017,Returning,Ghana,Cashout Delay,Social,9,12,12,No,No,2,Orange Money
18,7/15/2026,1018,Returning,Cameroon,Feature Request,Phone,18,53,1,No,No,4,Airtel Money
19,7/7/2026,1019,New,Rwanda,Withdrawal Delay,Chat,2,50,4,Yes,No,5,Card
20,7/7/2026,1020,VIP,Rwanda,Withdrawal Delay,Email,11,26,13,Yes,No,4,Airtel Money
21,7/28/2026,1021,New,Cameroon,Login Issue,Chat,5,9,6,Yes,No,4,Card
22,7/11/2026,1022,Returning,Cameroon,Payment Failure,Email,24,61,9,Yes,No,2,MTN MoMo
23,7/16/2026,1023,VIP,Ghana,Feature Request,Chat,15,72,4,Yes,No,4,Card
24,7/10/2026,1024,New,Uganda,Feature Request,Social,14,21,8,No,No,3,MTN MoMo
25,7/29/2026,1025,New,Rwanda,Payment Failure,Phone,20,78,12,No,Yes,2,Card
26,7/17/2026,1026,VIP,Ghana,Verification,Social,4,22,14,Yes,No,5,Flutterwave
27,7/15/2026,1027,Returning,Uganda,Bonus Issue,Social,14,20,6,No,No,5,Airtel Money
28,7/22/2026,1028,VIP,Uganda,Payment Failure,Chat,3,18,2,No,Yes,2,Airtel Money
29,7/26/2026,1029,VIP,Ghana,Payment Failure,Phone,22,23,7,No,Yes,1,Flutterwave
30,7/28/2026,1030,VIP,Kenya,Payment Failure,Phone,4,72,4,No,Yes,2,Flutterwave
31,7/8/2026,1031,VIP,Kenya,Withdrawal Delay,Chat,25,43,10,Yes,No,4,Flutterwave
32,7/28/2026,1032,New,Rwanda,Payment Failure,Phone,23,47,15,No,Yes,2,MTN MoMo
33,7/6/2026,1033,New,Rwanda,Login Issue,Chat,3,75,4,No,No,5,Flutterwave
34,7/15/2026,1034,Returning,Kenya,Technical Bug,Phone,25,80,10,Yes,No,4,MTN MoMo
35,7/5/2026,1035,VIP,Cameroon,Login Issue,Phone,15,62,8,No,No,3,Flutterwave
36,7/9/2026,1036,Returning,Uganda,Bonus Issue,Chat,10,70,9,No,No,3,MTN MoMo
37,7/8/2026,1037,New,Rwanda,Cashout Delay,Phone,7,25,13,No,No,3,Airtel Money
38,7/11/2026,1038,Returning,Uganda,Withdrawal Delay,Email,5,56,9,Yes,No,3,Card
39,7/18/2026,1039,Returning,Cameroon,Technical Bug,Social,1,66,15,Yes,No,3,Airtel Money
40,7/19/2026,1040,VIP,Uganda,Payment Failure,Phone,4,59,1,No,No,3,Orange Money
41,7/26/2026,1041,New,Uganda,Feature Request,Chat,8,63,10,No,No,4,Card
42,7/3/2026,1042,VIP,Kenya,Cashout Delay,Email,11,29,2,Yes,No,4,Card
43,7/17/2026,1043,Returning,Rwanda,Bonus Issue,Email,4,26,5,Yes,No,4,Orange Money
44,7/20/2026,1044,New,Uganda,Payment Failure,Social,25,80,13,No,Yes,1,Card
45,7/21/2026,1045,New,Uganda,Technical Bug,Chat,16,64,11,No,No,4,Airtel Money
46,7/19/2026,1046,Returning,Uganda,Payment Failure,Social,2,15,6,No,No,1,MTN MoMo
47,7/21/2026,1047,Returning,Ghana,Withdrawal Delay,Chat,15,32,6,No,No,5,Card
48,7/5/2026,1048,New,Kenya,Payment Failure,Chat,17,30,1,Yes,No,3,Flutterwave
49,7/15/2026,1049,Returning,Kenya,Login Issue,Social,14,51,11,Yes,No,4,Airtel Money
50,7/3/2026,1050,VIP,Uganda,Technical Bug,Phone,9,27,6,Yes,No,3,Card
51,7/22/2026,1051,Returning,Uganda,Payment Failure,Email,20,18,5,No,Yes,2,Airtel Money
52,7/27/2026,1052,VIP,Uganda,Payment Failure,Phone,1,54,5,No,Yes,1,Orange Money
53,7/11/2026,1053,New,Rwanda,Feature Request,Email,3,45,14,Yes,No,4,Card
54,7/25/2026,1054,VIP,Rwanda,Payment Failure,Social,5,28,3,No,No,2,Card
55,7/26/2026,1055,Returning,Kenya,Feature Request,Email,15,44,13,No,No,2,Orange Money
56,7/18/2026,1056,Returning,Rwanda,Bonus Issue,Phone,22,64,8,No,No,4,Flutterwave
57,7/17/2026,1057,New,Ghana,Cashout Delay,Email,9,14,11,No,No,4,Airtel Money
58,7/18/2026,1058,Returning,Cameroon,Withdrawal Delay,Email,9,65,15,Yes,No,3,Flutterwave
59,7/3/2026,1059,Returning,Cameroon,Bonus Issue,Social,2,58,9,No,No,5,Orange Money
60,7/13/2026,1060,New,Cameroon,Withdrawal Delay,Phone,4,50,13,Yes,No,4,Orange Money
61,7/2/2026,1061,VIP,Rwanda,Verification,Social,15,8,15,Yes,No,5,MTN MoMo
62,7/9/2026,1062,VIP,Ghana,Bonus Issue,Social,4,44,4,No,No,4,MTN MoMo
63,7/2/2026,1063,VIP,Ghana,Bonus Issue,Social,3,22,14,No,No,5,Card
64,7/18/2026,1064,VIP,Rwanda,Payment Failure,Phone,14,8,10,No,No,2,Orange Money
65,7/19/2026,1065,VIP,Kenya,Payment Failure,Chat,17,77,9,No,No,1,Card
66,7/18/2026,1066,Returning,Cameroon,Payment Failure,Social,12,40,12,Yes,No,3,Airtel Money
67,7/26/2026,1067,VIP,Cameroon,Payment Failure,Phone,5,13,6,No,Yes,2,Orange Money
68,7/27/2026,1068,VIP,Rwanda,Feature Request,Email,3,66,1,No,No,5,Orange Money
69,7/2/2026,1069,Returning,Kenya,Bonus Issue,Social,18,68,5,Yes,No,3,Orange Money
70,7/10/2026,1070,VIP,Kenya,Technical Bug,Phone,4,55,7,No,No,3,Flutterwave
71,7/29/2026,1071,Returning,Uganda,Technical Bug,Phone,17,42,13,Yes,No,3,Flutterwave
72,7/3/2026,1072,VIP,Kenya,Cashout Delay,Phone,4,18,6,No,No,4,Airtel Money
73,7/15/2026,1073,VIP,Uganda,Cashout Delay,Phone,15,13,12,No,No,4,Card
74,7/14/2026,1074,New,Uganda,Verification,Phone,17,28,1,Yes,No,3,Card
75,7/22/2026,1075,New,Rwanda,Payment Failure,Phone,12,57,10,No,Yes,2,Orange Money
76,7/22/2026,1076,Returning,Uganda,Payment Failure,Chat,19,25,9,No,Yes,2,Airtel Money
77,7/21/2026,1077,New,Rwanda,Payment Failure,Social,17,57,15,No,Yes,1,Airtel Money
78,7/25/2026,1078,New,Ghana,Payment Failure,Phone,23,70,4,No,Yes,3,MTN MoMo
79,7/15/2026,1079,New,Kenya,Login Issue,Phone,23,16,9,No,No,5,Airtel Money
80,7/28/2026,1080,Returning,Ghana,Payment Failure,Email,4,33,13,No,Yes,2,Flutterwave
81,7/1/2026,1081,Returning,Ghana,Technical Bug,Email,20,19,2,No,No,4,Flutterwave
82,7/23/2026,1082,VIP,Cameroon,Cashout Delay,Email,11,17,8,No,No,5,Card
83,7/12/2026,1083,New,Uganda,Login Issue,Chat,4,74,3,No,No,4,Orange Money
84,7/6/2026,1084,Returning,Ghana,Technical Bug,Phone,3,40,4,No,No,4,Orange Money
85,7/21/2026,1085,VIP,Rwanda,Payment Failure,Email,6,51,14,No,No,1,MTN MoMo
86,7/27/2026,1086,VIP,Ghana,Withdrawal Delay,Phone,21,34,13,No,No,2,Card
87,7/21/2026,1087,VIP,Kenya,Payment Failure,Social,8,59,5,No,Yes,2,MTN MoMo
88,7/6/2026,1088,Returning,Uganda,Feature Request,Email,11,26,6,No,No,5,Airtel Money
89,7/13/2026,1089,VIP,Ghana,Login Issue,Chat,11,38,8,Yes,No,4,Airtel Money
90,7/15/2026,1090,New,Cameroon,Bonus Issue,Phone,13,61,4,Yes,No,4,Airtel Money
91,7/30/2026,1091,New,Uganda,Technical Bug,Social,16,47,8,Yes,No,3,MTN MoMo
92,7/13/2026,1092,New,Ghana,Feature Request,Phone,2,14,5,No,No,4,Card
93,7/29/2026,1093,VIP,Cameroon,Feature Request,Chat,14,25,15,No,No,4,Airtel Money
94,7/25/2026,1094,Returning,Cameroon,Payment Failure,Email,12,78,5,No,Yes,1,Card
95,7/15/2026,1095,New,Cameroon,Verification,Social,12,51,9,No,No,3,Orange Money
96,7/7/2026,1096,New,Cameroon,Cashout Delay,Email,23,50,13,No,No,3,Card
97,7/15/2026,1097,Returning,Ghana,Login Issue,Phone,6,58,10,No,No,4,Card
98,7/11/2026,1098,Returning,Cameroon,Feature Request,Phone,11,22,7,No,No,4,MTN MoMo
99,7/20/2026,1099,VIP,Uganda,Bonus Issue,Email,17,56,3,Yes,No,2,MTN MoMo
100,7/19/2026,1100,New,Uganda,Withdrawal Delay,Phone,14,27,7,Yes,No,3,Flutterwave
101,7/17/2026,1101,VIP,Rwanda,Feature Request,Email,18,49,11,No,No,3,Card
102,7/13/2026,1102,Returning,Ghana,Technical Bug,Phone,18,53,11,No,No,4,Card
103,7/16/2026,1103,Returning,Ghana,Bonus Issue,Phone,8,46,13,No,No,4,Orange Money
104,7/23/2026,1104,Returning,Ghana,Technical Bug,Phone,10,23,10,No,No,5,Flutterwave
105,7/27/2026,1105,Returning,Cameroon,Payment Failure,Phone,23,18,6,No,No,2,Airtel Money
106,7/24/2026,1106,VIP,Kenya,Bonus Issue,Email,4,38,4,Yes,No,4,Card
107,7/8/2026,1107,New,Uganda,Bonus Issue,Phone,23,68,2,Yes,No,3,MTN MoMo
108,7/18/2026,1108,VIP,Uganda,Login Issue,Social,21,33,13,No,No,5,Airtel Money
109,7/10/2026,1109,VIP,Ghana,Payment Failure,Email,18,12,15,Yes,No,1,Flutterwave
110,7/29/2026,1110,Returning,Rwanda,Payment Failure,Phone,2,9,5,No,Yes,3,MTN MoMo
111,7/30/2026,1111,VIP,Ghana,Verification,Social,5,72,8,No,No,5,Orange Money
112,7/26/2026,1112,VIP,Uganda,Payment Failure,Phone,23,31,1,No,No,2,Airtel Money
113,7/19/2026,1113,VIP,Uganda,Bonus Issue,Social,17,49,2,No,No,3,MTN MoMo
114,7/6/2026,1114,Returning,Rwanda,Login Issue,Chat,9,57,4,No,No,5,Airtel Money
115,7/11/2026,1115,Returning,Kenya,Verification,Email,2,23,8,No,No,3,Orange Money
116,7/13/2026,1116,VIP,Kenya,Verification,Phone,20,36,4,Yes,No,3,Flutterwave
117,7/5/2026,1117,Returning,Ghana,Feature Request,Social,25,76,13,Yes,No,4,Orange Money
118,7/22/2026,1118,VIP,Kenya,Withdrawal Delay,Chat,19,22,1,Yes,No,5,Card
119,7/18/2026,1119,Returning,Ghana,Login Issue,Social,4,34,12,No,No,4,MTN MoMo
120,7/29/2026,1120,New,Ghana,Payment Failure,Social,15,80,1,No,Yes,3,Airtel Money
121,7/24/2026,1121,New,Rwanda,Payment Failure,Chat,2,62,6,No,No,2,Card
122,7/2/2026,1122,New,Kenya,Withdrawal Delay,Social,6,25,13,No,No,5,Airtel Money
123,7/29/2026,1123,Returning,Cameroon,Payment Failure,Email,21,52,2,No,Yes,3,Card
124,7/13/2026,1124,New,Cameroon,Login Issue,Phone,15,77,7,No,No,4,Orange Money
125,7/8/2026,1125,New,Kenya,Feature Request,Email,24,22,1,No,No,4,Card
126,7/25/2026,1126,New,Cameroon,Payment Failure,Chat,20,12,8,No,Yes,2,MTN MoMo
127,7/8/2026,1127,Returning,Rwanda,Payment Failure,Email,25,15,3,No,No,3,Orange Money
128,7/27/2026,1128,New,Kenya,Technical Bug,Email,22,74,4,No,No,4,Airtel Money
129,7/9/2026,1129,VIP,Uganda,Payment Failure,Social,2,52,11,No,No,2,Card
130,7/11/2026,1130,New,Kenya,Cashout Delay,Social,6,76,8,Yes,No,5,Orange Money
131,7/10/2026,1131,New,Ghana,Login Issue,Social,14,79,9,Yes,No,5,Flutterwave
132,7/8/2026,1132,Returning,Cameroon,Verification,Social,12,19,9,Yes,No,4,MTN MoMo
133,7/9/2026,1133,New,Rwanda,Cashout Delay,Email,16,34,14,No,No,3,Airtel Money
134,7/30/2026,1134,VIP,Cameroon,Payment Failure,Social,8,34,7,No,No,2,Card
135,7/11/2026,1135,Returning,Ghana,Verification,Phone,10,41,6,No,No,5,Flutterwave
136,7/4/2026,1136,New,Kenya,Feature Request,Phone,14,13,10,Yes,No,4,Orange Money
137,7/1/2026,1137,Returning,Rwanda,Verification,Email,11,37,7,Yes,No,5,Flutterwave
138,7/18/2026,1138,Returning,Uganda,Technical Bug,Social,6,53,3,Yes,No,4,Card
139,7/16/2026,1139,VIP,Cameroon,Login Issue,Chat,22,14,13,Yes,No,3,Flutterwave
140,7/5/2026,1140,VIP,Rwanda,Bonus Issue,Chat,7,72,8,No,No,3,MTN MoMo
141,7/20/2026,1141,New,Cameroon,Feature Request,Social,1,10,9,No,No,5,Card
142,7/10/2026,1142,New,Cameroon,Payment Failure,Chat,17,27,4,Yes,No,3,Card
143,7/17/2026,1143,Returning,Uganda,Verification,Chat,12,59,8,Yes,No,4,Orange Money
144,7/10/2026,1144,New,Uganda,Withdrawal Delay,Social,13,78,8,Yes,No,3,MTN MoMo
145,7/23/2026,1145,Returning,Kenya,Payment Failure,Chat,17,13,4,No,Yes,3,Card
146,7/16/2026,1146,New,Kenya,Verification,Chat,6,48,1,Yes,No,3,Card
147,7/5/2026,1147,Returning,Rwanda,Cashout Delay,Email,19,57,11,No,No,3,Flutterwave
148,7/25/2026,1148,New,Cameroon,Withdrawal Delay,Social,8,17,6,No,No,4,Airtel Money
149,7/1/2026,1149,Returning,Rwanda,Verification,Phone,18,56,7,Yes,No,5,Card
150,7/22/2026,1150,New,Cameroon,Payment Failure,Chat,9,27,7,No,No,2,Orange Money
151,7/24/2026,1151,New,Cameroon,Payment Failure,Chat,10,64,6,No,No,2,MTN MoMo
152,7/5/2026,1152,Returning,Uganda,Withdrawal Delay,Social,4,11,2,No,No,4,Card
153,7/3/2026,1153,New,Kenya,Technical Bug,Social,13,18,12,Yes,No,5,Card
154,7/17/2026,1154,New,Rwanda,Login Issue,Phone,10,42,8,Yes,No,5,MTN MoMo
155,7/6/2026,1155,Returning,Kenya,Cashout Delay,Social,3,54,5,Yes,No,4,Flutterwave
156,7/20/2026,1156,New,Kenya,Feature Request,Chat,13,50,14,No,No,2,Airtel Money
157,7/15/2026,1157,VIP,Ghana,Technical Bug,Email,10,49,10,Yes,No,5,Flutterwave
158,7/11/2026,1158,Returning,Kenya,Login Issue,Social,19,39,6,No,No,5,Airtel Money
159,7/27/2026,1159,VIP,Rwanda,Technical Bug,Email,22,78,1,No,No,2,Orange Money
160,7/15/2026,1160,Returning,Uganda,Verification,Email,21,46,4,No,No,3,Orange Money
161,7/23/2026,1161,New,Uganda,Payment Failure,Social,19,59,9,No,Yes,3,Flutterwave
162,7/18/2026,1162,VIP,Ghana,Payment Failure,Chat,4,39,11,No,No,2,Orange Money
163,7/21/2026,1163,Returning,Cameroon,Cashout Delay,Chat,4,41,4,Yes,No,4,Flutterwave
164,7/12/2026,1164,VIP,Ghana,Cashout Delay,Email,12,11,8,Yes,No,5,Airtel Money
165,7/14/2026,1165,VIP,Rwanda,Withdrawal Delay,Phone,10,51,8,Yes,No,3,Card
166,7/16/2026,1166,New,Uganda,Technical Bug,Social,11,16,5,Yes,No,5,MTN MoMo
167,7/1/2026,1167,VIP,Rwanda,Technical Bug,Email,17,30,9,Yes,No,3,Airtel Money
168,7/18/2026,1168,New,Uganda,Cashout Delay,Email,6,63,7,Yes,No,5,Card
169,7/29/2026,1169,Returning,Cameroon,Payment Failure,Email,7,43,13,No,No,3,MTN MoMo
170,7/19/2026,1170,Returning,Kenya,Payment Failure,Email,15,22,5,No,No,2,Flutterwave
171,7/17/2026,1171,VIP,Uganda,Technical Bug,Chat,12,53,14,No,No,5,Card
172,7/6/2026,1172,VIP,Rwanda,Verification,Phone,4,38,5,Yes,No,3,Orange Money
173,7/12/2026,1173,Returning,Ghana,Login Issue,Email,19,57,7,Yes,No,5,Flutterwave
174,7/21/2026,1174,Returning,Kenya,Login Issue,Email,6,48,14,No,No,3,Card
175,7/2/2026,1175,Returning,Rwanda,Technical Bug,Email,13,79,9,No,No,3,Flutterwave
176,7/22/2026,1176,New,Cameroon,Feature Request,Chat,25,36,5,Yes,No,5,Airtel Money
177,7/8/2026,1177,Returning,Ghana,Verification,Social,18,73,2,Yes,No,4,Airtel Money
178,7/25/2026,1178,VIP,Uganda,Technical Bug,Email,14,21,12,Yes,No,2,Airtel Money
179,7/28/2026,1179,Returning,Cameroon,Feature Request,Social,4,38,4,No,No,4,Card
180,7/21/2026,1180,New,Rwanda,Payment Failure,Chat,19,52,9,No,Yes,2,Card
181,7/6/2026,1181,Returning,Ghana,Technical Bug,Phone,17,20,3,No,No,4,MTN MoMo
182,7/9/2026,1182,New,Rwanda,Login Issue,Phone,8,58,8,Yes,No,4,Card
183,7/21/2026,1183,Returning,Uganda,Payment Failure,Chat,21,19,7,No,Yes,3,Airtel Money
184,7/23/2026,1184,Returning,Kenya,Technical Bug,Chat,25,19,12,No,No,5,Airtel Money
185,7/28/2026,1185,New,Uganda,Payment Failure,Email,16,42,6,No,No,3,Airtel Money
186,7/18/2026,1186,Returning,Cameroon,Login Issue,Chat,4,66,1,Yes,No,5,Orange Money
187,7/15/2026,1187,Returning,Rwanda,Feature Request,Email,21,46,3,No,No,3,MTN MoMo
188,7/21/2026,1188,Returning,Rwanda,Payment Failure,Chat,13,47,12,No,No,1,Orange Money
189,7/14/2026,1189,New,Rwanda,Withdrawal Delay,Social,3,24,10,Yes,No,3,Card
190,7/22/2026,1190,VIP,Kenya,Payment Failure,Chat,14,24,8,No,Yes,1,Flutterwave
191,7/3/2026,1191,Returning,Kenya,Withdrawal Delay,Phone,5,56,13,Yes,No,3,Orange Money
192,7/3/2026,1192,Returning,Kenya,Payment Failure,Email,21,27,15,No,No,2,Card
193,7/22/2026,1193,New,Cameroon,Payment Failure,Email,25,23,10,No,No,2,Airtel Money
194,7/14/2026,1194,New,Kenya,Technical Bug,Chat,8,78,10,No,No,4,MTN MoMo
195,7/28/2026,1195,VIP,Ghana,Verification,Email,24,58,5,Yes,No,3,Orange Money
196,7/16/2026,1196,New,Uganda,Cashout Delay,Chat,17,9,6,No,No,3,Orange Money
197,7/13/2026,1197,VIP,Rwanda,Cashout Delay,Social,25,17,1,Yes,No,4,MTN MoMo
198,7/9/2026,1198,New,Uganda,Bonus Issue,Phone,21,72,13,No,No,3,Flutterwave
199,7/23/2026,1199,Returning,Cameroon,Payment Failure,Phone,3,73,15,No,Yes,2,Orange Money
200,7/18/2026,1200,VIP,Cameroon,Technical Bug,Phone,23,63,12,Yes,No,5,MTN MoMo
201,7/8/2026,1201,New,Uganda,Withdrawal Delay,Chat,10,30,2,Yes,No,5,Orange Money
202,7/23/2026,1202,Returning,Ghana,Payment Failure,Phone,6,55,3,No,No,3,Airtel Money
203,7/24/2026,1203,Returning,Kenya,Payment Failure,Chat,9,17,8,No,Yes,2,Airtel Money
204,7/2/2026,1204,Returning,Rwanda,Feature Request,Phone,25,21,15,Yes,No,4,Orange Money
205,7/24/2026,1205,New,Cameroon,Payment Failure,Social,12,57,15,No,Yes,1,MTN MoMo
206,7/18/2026,1206,Returning,Rwanda,Cashout Delay,Social,24,48,5,Yes,No,4,Card
207,7/12/2026,1207,New,Rwanda,Withdrawal Delay,Chat,13,16,15,No,No,3,Airtel Money
208,7/25/2026,1208,VIP,Uganda,Technical Bug,Chat,12,33,5,No,No,2,Card
209,7/8/2026,1209,VIP,Uganda,Feature Request,Email,24,77,13,Yes,No,4,Orange Money
210,7/1/2026,1210,New,Ghana,Cashout Delay,Phone,21,9,6,Yes,No,3,Flutterwave
211,7/28/2026,1211,New,Ghana,Verification,Email,14,70,1,Yes,No,2,Airtel Money
212,7/3/2026,1212,VIP,Uganda,Payment Failure,Phone,15,18,10,Yes,No,2,Card
213,7/5/2026,1213,VIP,Ghana,Cashout Delay,Chat,14,24,4,No,No,3,Airtel Money
214,7/28/2026,1214,VIP,Kenya,Payment Failure,Phone,15,42,4,No,Yes,3,Orange Money
215,7/5/2026,1215,New,Rwanda,Withdrawal Delay,Social,15,48,7,Yes,No,4,Card
216,7/12/2026,1216,Returning,Uganda,Bonus Issue,Phone,4,19,3,No,No,5,Card
217,7/2/2026,1217,New,Cameroon,Bonus Issue,Email,12,58,9,Yes,No,4,Airtel Money
218,7/9/2026,1218,Returning,Uganda,Login Issue,Email,4,67,2,Yes,No,3,MTN MoMo
219,7/1/2026,1219,New,Rwanda,Payment Failure,Social,12,18,10,No,No,2,MTN MoMo
220,7/1/2026,1220,VIP,Uganda,Withdrawal Delay,Email,3,50,2,Yes,No,4,Flutterwave
221,7/2/2026,1221,VIP,Uganda,Login Issue,Social,1,56,11,No,No,5,Orange Money
222,7/12/2026,1222,Returning,Kenya,Bonus Issue,Social,5,12,10,Yes,No,4,Airtel Money
223,7/16/2026,1223,New,Cameroon,Cashout Delay,Phone,13,25,7,Yes,No,5,Card
224,7/8/2026,1224,VIP,Kenya,Payment Failure,Social,18,70,6,No,No,3,Flutterwave
225,7/9/2026,1225,Returning,Ghana,Login Issue,Email,1,43,1,No,No,3,Card
226,7/12/2026,1226,New,Rwanda,Bonus Issue,Email,9,76,14,Yes,No,4,Orange Money
227,7/19/2026,1227,New,Rwanda,Cashout Delay,Email,19,48,13,No,No,4,Card
228,7/1/2026,1228,VIP,Rwanda,Technical Bug,Social,18,47,3,No,No,4,MTN MoMo
229,7/3/2026,1229,VIP,Rwanda,Payment Failure,Chat,17,69,1,No,No,2,Card
230,7/7/2026,1230,VIP,Rwanda,Login Issue,Phone,2,10,3,Yes,No,4,MTN MoMo
231,7/28/2026,1231,Returning,Uganda,Technical Bug,Chat,11,46,6,Yes,No,2,Orange Money
232,7/24/2026,1232,New,Ghana,Feature Request,Phone,8,30,7,No,No,4,Airtel Money
233,7/5/2026,1233,VIP,Ghana,Login Issue,Social,25,80,1,Yes,No,3,Card
234,7/11/2026,1234,Returning,Rwanda,Bonus Issue,Phone,24,17,4,No,No,3,Airtel Money
235,7/6/2026,1235,Returning,Cameroon,Withdrawal Delay,Phone,7,39,12,Yes,No,4,Airtel Money
236,7/9/2026,1236,New,Uganda,Withdrawal Delay,Social,24,61,3,No,No,3,Flutterwave
237,7/29/2026,1237,New,Uganda,Payment Failure,Email,6,65,2,No,No,3,MTN MoMo
238,7/10/2026,1238,Returning,Cameroon,Payment Failure,Chat,11,29,15,No,No,2,Orange Money
239,7/24/2026,1239,Returning,Ghana,Payment Failure,Social,23,11,7,No,No,1,Orange Money
240,7/20/2026,1240,New,Kenya,Login Issue,Email,7,60,12,No,No,2,Airtel Money
241,7/10/2026,1241,New,Uganda,Bonus Issue,Social,5,14,6,Yes,No,3,Flutterwave
242,7/3/2026,1242,New,Cameroon,Verification,Chat,7,29,11,No,No,5,MTN MoMo
243,7/16/2026,1243,Returning,Uganda,Withdrawal Delay,Social,22,41,2,No,No,4,Orange Money
244,7/12/2026,1244,New,Uganda,Cashout Delay,Chat,9,64,8,No,No,4,Orange Money
245,7/27/2026,1245,New,Cameroon,Payment Failure,Chat,22,52,13,No,Yes,1,Card
246,7/8/2026,1246,VIP,Uganda,Payment Failure,Social,19,38,8,No,No,3,MTN MoMo
247,7/13/2026,1247,New,Uganda,Payment Failure,Email,6,35,13,Yes,No,2,Orange Money
248,7/2/2026,1248,VIP,Uganda,Cashout Delay,Email,21,26,14,No,No,3,Airtel Money
249,7/30/2026,1249,Returning,Ghana,Withdrawal Delay,Social,18,49,14,No,No,2,Card
250,7/15/2026,1250,New,Uganda,Payment Failure,Email,5,80,10,Yes,No,3,MTN MoMo
251,7/19/2026,1251,Returning,Kenya,Verification,Social,21,70,10,No,No,4,MTN MoMo
252,7/6/2026,1252,New,Ghana,Verification,Social,2,58,15,No,No,5,Orange Money
253,7/2/2026,1253,Returning,Cameroon,Feature Request,Phone,10,47,5,No,No,4,MTN MoMo
254,7/28/2026,1254,VIP,Uganda,Payment Failure,Phone,9,61,10,No,No,2,Orange Money
255,7/15/2026,1255,VIP,Uganda,Bonus Issue,Phone,2,73,13,Yes,No,5,MTN MoMo
256,7/10/2026,1256,VIP,Ghana,Cashout Delay,Chat,6,32,15,Yes,No,4,MTN MoMo
257,7/8/2026,1257,New,Kenya,Payment Failure,Email,9,55,14,No,No,3,Card
258,7/13/2026,1258,New,Kenya,Withdrawal Delay,Social,20,65,3,No,No,3,Card
259,7/18/2026,1259,New,Kenya,Technical Bug,Chat,10,11,7,Yes,No,4,Orange Money
260,7/28/2026,1260,VIP,Rwanda,Bonus Issue,Email,9,60,9,Yes,No,3,MTN MoMo
261,7/16/2026,1261,VIP,Cameroon,Login Issue,Email,9,47,12,No,No,4,Flutterwave
262,7/29/2026,1262,Returning,Kenya,Payment Failure,Email,15,46,11,No,Yes,2,Card
263,7/13/2026,1263,VIP,Kenya,Withdrawal Delay,Phone,10,21,8,Yes,No,3,Airtel Money
264,7/9/2026,1264,Returning,Kenya,Technical Bug,Email,5,74,13,Yes,No,4,MTN MoMo
265,7/26/2026,1265,VIP,Rwanda,Cashout Delay,Chat,21,71,5,No,No,4,Flutterwave
266,7/13/2026,1266,VIP,Ghana,Cashout Delay,Email,11,36,11,No,No,3,Airtel Money
267,7/17/2026,1267,VIP,Ghana,Verification,Email,10,20,8,Yes,No,4,Airtel Money
268,7/24/2026,1268,VIP,Cameroon,Login Issue,Email,12,36,12,No,No,4,Flutterwave
269,7/26/2026,1269,VIP,Kenya,Technical Bug,Social,4,68,1,Yes,No,4,Flutterwave
270,7/29/2026,1270,VIP,Uganda,Payment Failure,Phone,14,14,14,No,No,1,Orange Money
271,7/7/2026,1271,VIP,Uganda,Technical Bug,Email,11,31,13,Yes,No,5,Flutterwave
272,7/11/2026,1272,VIP,Cameroon,Login Issue,Chat,15,43,4,Yes,No,4,Card
273,7/25/2026,1273,New,Ghana,Payment Failure,Social,21,62,7,No,Yes,1,Flutterwave
274,7/13/2026,1274,VIP,Rwanda,Payment Failure,Phone,1,49,13,Yes,No,1,MTN MoMo
275,7/22/2026,1275,New,Kenya,Payment Failure,Phone,5,21,7,No,Yes,2,Airtel Money
276,7/6/2026,1276,Returning,Kenya,Withdrawal Delay,Social,24,74,10,No,No,3,Flutterwave
277,7/29/2026,1277,Returning,Kenya,Login Issue,Email,6,59,1,Yes,No,4,Orange Money
278,7/24/2026,1278,VIP,Ghana,Bonus Issue,Email,4,54,12,Yes,No,2,Flutterwave
279,7/29/2026,1279,VIP,Cameroon,Payment Failure,Chat,2,22,7,No,Yes,1,MTN MoMo
280,7/18/2026,1280,VIP,Rwanda,Verification,Email,23,9,5,No,No,5,MTN MoMo
281,7/22/2026,1281,New,Ghana,Login Issue,Chat,10,22,13,Yes,No,5,Flutterwave
282,7/7/2026,1282,VIP,Rwanda,Bonus Issue,Phone,23,60,5,Yes,No,4,MTN MoMo
283,7/18/2026,1283,VIP,Uganda,Feature Request,Phone,8,8,1,Yes,No,4,MTN MoMo
284,7/27/2026,1284,New,Ghana,Feature Request,Chat,24,20,15,No,No,3,Orange Money
285,7/15/2026,1285,Returning,Cameroon,Verification,Chat,6,13,14,No,No,4,Airtel Money
286,7/26/2026,1286,New,Cameroon,Cashout Delay,Chat,5,29,6,No,No,2,Flutterwave
287,7/20/2026,1287,Returning,Kenya,Payment Failure,Email,4,59,7,No,No,1,Airtel Money
288,7/27/2026,1288,Returning,Rwanda,Payment Failure,Chat,5,15,14,No,Yes,3,Flutterwave
289,7/30/2026,1289,VIP,Uganda,Feature Request,Phone,20,11,14,Yes,No,3,Flutterwave
290,7/30/2026,1290,New,Cameroon,Cashout Delay,Phone,21,48,1,Yes,No,5,Airtel Money
291,7/17/2026,1291,VIP,Rwanda,Withdrawal Delay,Social,12,57,3,Yes,No,5,MTN MoMo
292,7/21/2026,1292,New,Cameroon,Feature Request,Social,11,38,6,No,No,5,MTN MoMo
293,7/17/2026,1293,Returning,Rwanda,Bonus Issue,Chat,15,64,13,No,No,5,MTN MoMo
294,7/28/2026,1294,Returning,Cameroon,Technical Bug,Chat,13,60,1,Yes,No,2,MTN MoMo
295,7/26/2026,1295,VIP,Uganda,Verification,Phone,12,14,14,Yes,No,3,Flutterwave
296,7/11/2026,1296,VIP,Uganda,Feature Request,Chat,4,36,1,No,No,4,Airtel Money
297,7/27/2026,1297,VIP,Cameroon,Verification,Chat,6,71,3,No,No,4,MTN MoMo
298,7/9/2026,1298,New,Uganda,Bonus Issue,Email,15,32,12,No,No,4,MTN MoMo
299,7/25/2026,1299,Returning,Uganda,Payment Failure,Email,16,8,9,No,No,1,Card
300,7/30/2026,1300,VIP,Rwanda,Payment Failure,Email,24,24,2,No,Yes,3,Card
301,7/20/2026,1301,VIP,Rwanda,Cashout Delay,Phone,13,51,5,No,No,5,Orange Money
302,7/5/2026,1302,VIP,Ghana,Cashout Delay,Phone,23,78,11,Yes,No,4,Orange Money
303,7/7/2026,1303,VIP,Rwanda,Verification,Email,17,77,12,No,No,4,MTN MoMo
304,7/25/2026,1304,VIP,Ghana,Payment Failure,Social,22,76,5,No,No,3,Flutterwave
305,7/26/2026,1305,New,Uganda,Payment Failure,Email,2,15,4,No,Yes,1,Orange Money
306,7/10/2026,1306,New,Kenya,Verification,Email,25,77,1,No,No,4,Flutterwave
307,7/4/2026,1307,New,Ghana,Bonus Issue,Phone,23,14,15,No,No,5,Flutterwave
308,7/14/2026,1308,New,Kenya,Technical Bug,Email,20,64,14,Yes,No,3,Airtel Money
309,7/25/2026,1309,Returning,Uganda,Bonus Issue,Email,22,17,3,Yes,No,3,Card
310,7/4/2026,1310,Returning,Kenya,Cashout Delay,Phone,5,28,10,No,No,3,MTN MoMo
311,7/11/2026,1311,New,Rwanda,Feature Request,Phone,20,14,13,No,No,4,Flutterwave
312,7/26/2026,1312,VIP,Kenya,Technical Bug,Email,6,74,2,Yes,No,2,Flutterwave
313,7/18/2026,1313,Returning,Rwanda,Cashout Delay,Email,22,50,6,No,No,3,Airtel Money
314,7/7/2026,1314,New,Kenya,Feature Request,Social,8,39,1,No,No,3,Flutterwave
315,7/30/2026,1315,Returning,Ghana,Withdrawal Delay,Phone,1,74,14,No,No,5,Card
316,7/26/2026,1316,Returning,Rwanda,Feature Request,Phone,17,18,2,Yes,No,2,Card
317,7/18/2026,1317,New,Rwanda,Payment Failure,Social,4,34,9,No,No,1,MTN MoMo
318,7/24/2026,1318,VIP,Kenya,Payment Failure,Chat,3,17,1,No,Yes,3,Airtel Money
319,7/18/2026,1319,Returning,Uganda,Withdrawal Delay,Social,15,59,7,No,No,4,MTN MoMo
320,7/13/2026,1320,VIP,Ghana,Withdrawal Delay,Chat,25,13,12,Yes,No,3,Airtel Money
321,7/30/2026,1321,VIP,Cameroon,Verification,Phone,25,64,7,No,No,4,MTN MoMo
322,7/16/2026,1322,New,Uganda,Login Issue,Phone,21,26,5,No,No,4,MTN MoMo
323,7/18/2026,1323,New,Cameroon,Login Issue,Social,18,78,2,No,No,3,Orange Money
324,7/24/2026,1324,Returning,Ghana,Technical Bug,Email,6,31,4,No,No,3,Orange Money
325,7/4/2026,1325,VIP,Uganda,Login Issue,Chat,10,16,5,Yes,No,3,Orange Money
326,7/24/2026,1326,New,Rwanda,Technical Bug,Chat,10,16,15,Yes,No,4,Airtel Money
327,7/16/2026,1327,VIP,Kenya,Feature Request,Email,19,80,6,No,No,4,Flutterwave
328,7/6/2026,1328,New,Rwanda,Payment Failure,Social,9,54,3,No,No,2,Flutterwave
329,7/15/2026,1329,Returning,Uganda,Feature Request,Chat,6,18,14,No,No,4,Orange Money
330,7/29/2026,1330,VIP,Cameroon,Verification,Chat,17,11,14,No,No,2,Card
331,7/7/2026,1331,VIP,Ghana,Payment Failure,Social,21,27,6,No,No,2,Orange Money
332,7/29/2026,1332,Returning,Ghana,Verification,Chat,13,54,9,Yes,No,3,Orange Money
333,7/28/2026,1333,Returning,Rwanda,Login Issue,Email,19,80,11,Yes,No,3,Flutterwave
334,7/12/2026,1334,Returning,Rwanda,Payment Failure,Chat,9,55,4,Yes,No,2,Orange Money
335,7/17/2026,1335,Returning,Uganda,Technical Bug,Chat,2,49,2,No,No,5,Airtel Money
336,7/19/2026,1336,VIP,Uganda,Login Issue,Phone,19,17,9,No,No,5,Flutterwave
337,7/30/2026,1337,Returning,Kenya,Payment Failure,Social,16,8,9,No,No,3,Flutterwave
338,7/6/2026,1338,VIP,Kenya,Bonus Issue,Email,5,31,3,No,No,3,Card
339,7/23/2026,1339,Returning,Cameroon,Bonus Issue,Social,22,69,8,Yes,No,5,Card
340,7/6/2026,1340,New,Cameroon,Cashout Delay,Email,19,28,3,Yes,No,3,Card
341,7/5/2026,1341,Returning,Rwanda,Payment Failure,Social,20,80,11,Yes,No,2,Airtel Money
342,7/3/2026,1342,VIP,Uganda,Bonus Issue,Social,6,36,14,No,No,5,Card
343,7/5/2026,1343,New,Kenya,Login Issue,Social,20,16,4,No,No,4,Flutterwave
344,7/5/2026,1344,New,Ghana,Withdrawal Delay,Social,5,20,3,No,No,3,Card
345,7/20/2026,1345,New,Uganda,Payment Failure,Email,20,77,14,No,Yes,1,Flutterwave
346,7/17/2026,1346,New,Ghana,Cashout Delay,Social,8,69,13,No,No,4,Airtel Money
347,7/19/2026,1347,New,Kenya,Withdrawal Delay,Social,25,37,15,Yes,No,5,Airtel Money
348,7/20/2026,1348,New,Cameroon,Cashout Delay,Chat,19,74,2,Yes,No,4,Flutterwave
349,7/21/2026,1349,Returning,Kenya,Payment Failure,Chat,5,62,11,No,Yes,2,Airtel Money
350,7/28/2026,1350,VIP,Uganda,Technical Bug,Email,14,78,13,No,No,4,Orange Money
351,7/12/2026,1351,Returning,Ghana,Feature Request,Phone,25,58,12,Yes,No,4,MTN MoMo
352,7/24/2026,1352,New,Rwanda,Payment Failure,Social,11,78,10,No,No,2,MTN MoMo
353,7/6/2026,1353,New,Rwanda,Cashout Delay,Social,20,63,2,Yes,No,3,Airtel Money
354,7/8/2026,1354,VIP,Cameroon,Technical Bug,Social,13,74,5,Yes,No,3,Orange Money
355,7/21/2026,1355,VIP,Ghana,Payment Failure,Phone,7,12,13,No,Yes,2,Card
356,7/23/2026,1356,VIP,Cameroon,Payment Failure,Phone,8,8,3,No,Yes,2,Airtel Money
357,7/25/2026,1357,Returning,Ghana,Payment Failure,Email,17,9,12,No,No,3,MTN MoMo
358,7/18/2026,1358,Returning,Kenya,Verification,Email,20,32,8,No,No,4,Card
359,7/1/2026,1359,Returning,Ghana,Verification,Chat,18,17,9,No,No,4,Airtel Money
360,7/4/2026,1360,VIP,Uganda,Verification,Social,19,69,13,Yes,No,4,Airtel Money
361,7/25/2026,1361,Returning,Cameroon,Feature Request,Phone,3,56,11,Yes,No,2,Orange Money
362,7/26/2026,1362,VIP,Ghana,Payment Failure,Chat,23,41,4,No,Yes,2,Flutterwave
363,7/22/2026,1363,VIP,Rwanda,Technical Bug,Social,11,53,4,No,No,2,Orange Money
364,7/24/2026,1364,VIP,Rwanda,Bonus Issue,Email,24,38,14,No,No,5,Orange Money
365,7/8/2026,1365,VIP,Kenya,Bonus Issue,Email,25,21,2,Yes,No,4,Flutterwave
366,7/20/2026,1366,Returning,Kenya,Payment Failure,Phone,16,43,8,No,Yes,1,Card
367,7/9/2026,1367,VIP,Rwanda,Cashout Delay,Chat,17,62,8,Yes,No,4,Card
368,7/12/2026,1368,Returning,Cameroon,Cashout Delay,Social,11,9,1,Yes,No,4,Flutterwave
369,7/19/2026,1369,VIP,Kenya,Payment Failure,Email,18,41,4,No,Yes,2,Card
370,7/11/2026,1370,Returning,Uganda,Technical Bug,Email,14,55,6,No,No,4,Airtel Money
371,7/15/2026,1371,VIP,Rwanda,Login Issue,Chat,24,42,13,Yes,No,4,Card
372,7/14/2026,1372,New,Rwanda,Cashout Delay,Social,1,30,7,No,No,4,Orange Money
373,7/29/2026,1373,Returning,Kenya,Technical Bug,Chat,13,20,12,Yes,No,5,MTN MoMo
374,7/7/2026,1374,VIP,Cameroon,Verification,Social,24,50,5,No,No,5,Airtel Money
375,7/18/2026,1375,New,Uganda,Verification,Chat,12,33,10,Yes,No,4,Airtel Money
376,7/12/2026,1376,VIP,Uganda,Technical Bug,Chat,13,44,8,Yes,No,5,Orange Money
377,7/21/2026,1377,VIP,Ghana,Technical Bug,Social,3,18,3,No,No,5,Orange Money
378,7/11/2026,1378,VIP,Kenya,Technical Bug,Social,9,64,13,No,No,4,Card
379,7/17/2026,1379,New,Rwanda,Feature Request,Chat,5,38,11,No,No,5,MTN MoMo
380,7/7/2026,1380,New,Cameroon,Login Issue,Chat,16,78,1,Yes,No,5,Flutterwave
381,7/17/2026,1381,Returning,Ghana,Withdrawal Delay,Email,3,57,5,Yes,No,3,Orange Money
382,7/24/2026,1382,New,Ghana,Payment Failure,Email,1,12,11,No,Yes,2,Airtel Money
383,7/28/2026,1383,New,Ghana,Verification,Email,19,66,11,No,No,5,Card
384,7/21/2026,1384,Returning,Ghana,Verification,Email,3,64,5,No,No,4,Flutterwave
385,7/9/2026,1385,New,Cameroon,Login Issue,Email,12,44,8,Yes,No,4,Flutterwave
386,7/25/2026,1386,Returning,Ghana,Payment Failure,Email,1,78,6,No,Yes,3,Card
387,7/14/2026,1387,New,Uganda,Cashout Delay,Social,8,41,2,No,No,4,Orange Money
388,7/17/2026,1388,VIP,Ghana,Verification,Phone,14,32,14,Yes,No,4,Orange Money
389,7/5/2026,1389,VIP,Uganda,Verification,Social,9,70,4,No,No,3,MTN MoMo
390,7/5/2026,1390,New,Cameroon,Payment Failure,Phone,9,24,12,No,No,1,MTN MoMo
391,7/8/2026,1391,New,Uganda,Withdrawal Delay,Email,11,61,5,No,No,4,Airtel Money
392,7/15/2026,1392,New,Rwanda,Payment Failure,Chat,9,58,2,No,No,2,Orange Money
393,7/7/2026,1393,New,Cameroon,Verification,Email,13,64,4,Yes,No,5,Orange Money
394,7/15/2026,1394,Returning,Uganda,Withdrawal Delay,Phone,11,28,11,Yes,No,4,Card
395,7/17/2026,1395,Returning,Kenya,Withdrawal Delay,Email,12,14,14,Yes,No,4,MTN MoMo
396,7/8/2026,1396,New,Rwanda,Cashout Delay,Phone,19,23,7,Yes,No,4,MTN MoMo
397,7/2/2026,1397,Returning,Cameroon,Feature Request,Email,6,71,2,No,No,4,MTN MoMo
398,7/2/2026,1398,VIP,Ghana,Technical Bug,Chat,5,70,4,No,No,4,Card
399,7/26/2026,1399,VIP,Rwanda,Technical Bug,Chat,23,56,6,Yes,No,5,Airtel Money
400,7/29/2026,1400,VIP,Kenya,Payment Failure,Social,7,80,3,No,Yes,3,Airtel Money
401,7/24/2026,1401,VIP,Rwanda,Login Issue,Social,10,41,9,No,No,2,Flutterwave
402,7/1/2026,1402,New,Ghana,Cashout Delay,Phone,25,38,6,Yes,No,4,Card
403,7/27/2026,1403,VIP,Rwanda,Payment Failure,Phone,11,60,11,No,Yes,3,MTN MoMo
404,7/17/2026,1404,New,Rwanda,Withdrawal Delay,Chat,7,21,8,Yes,No,3,MTN MoMo
405,7/2/2026,1405,VIP,Ghana,Cashout Delay,Phone,2,54,4,Yes,No,5,MTN MoMo
406,7/30/2026,1406,Returning,Cameroon,Feature Request,Phone,18,61,14,No,No,2,MTN MoMo
407,7/27/2026,1407,Returning,Cameroon,Payment Failure,Email,17,20,2,No,No,1,Card
408,7/13/2026,1408,VIP,Rwanda,Bonus Issue,Email,18,79,7,Yes,No,4,Card
409,7/12/2026,1409,New,Rwanda,Feature Request,Email,18,59,9,No,No,5,Orange Money
410,7/18/2026,1410,Returning,Ghana,Feature Request,Phone,12,60,13,No,No,4,Airtel Money
411,7/20/2026,1411,Returning,Ghana,Payment Failure,Phone,12,65,8,No,No,2,MTN MoMo
412,7/24/2026,1412,VIP,Cameroon,Payment Failure,Email,10,8,5,No,No,2,Orange Money
413,7/28/2026,1413,VIP,Ghana,Payment Failure,Email,4,12,8,No,Yes,2,Orange Money
414,7/9/2026,1414,New,Kenya,Technical Bug,Phone,3,59,10,Yes,No,4,MTN MoMo
415,7/24/2026,1415,New,Uganda,Payment Failure,Chat,20,46,1,No,No,3,Card
416,7/13/2026,1416,Returning,Kenya,Withdrawal Delay,Social,14,23,14,Yes,No,3,Card
417,7/30/2026,1417,New,Kenya,Payment Failure,Chat,11,77,10,No,Yes,3,Card
418,7/23/2026,1418,VIP,Uganda,Payment Failure,Social,25,72,2,No,Yes,1,Airtel Money
419,7/26/2026,1419,Returning,Cameroon,Payment Failure,Social,19,14,9,No,Yes,2,MTN MoMo
420,7/13/2026,1420,New,Uganda,Cashout Delay,Email,16,58,11,Yes,No,4,Card
421,7/20/2026,1421,New,Kenya,Bonus Issue,Social,11,19,2,No,No,3,Flutterwave
422,7/12/2026,1422,Returning,Kenya,Technical Bug,Chat,25,47,3,No,No,4,Card
423,7/27/2026,1423,Returning,Cameroon,Feature Request,Email,7,55,3,Yes,No,3,MTN MoMo
424,7/24/2026,1424,Returning,Cameroon,Payment Failure,Phone,23,22,5,No,Yes,2,MTN MoMo
425,7/11/2026,1425,New,Ghana,Bonus Issue,Phone,18,69,10,Yes,No,4,MTN MoMo
426,7/13/2026,1426,New,Cameroon,Payment Failure,Phone,7,42,1,No,No,2,MTN MoMo
427,7/3/2026,1427,VIP,Kenya,Cashout Delay,Chat,1,45,14,No,No,4,Orange Money
428,7/13/2026,1428,Returning,Ghana,Withdrawal Delay,Chat,6,33,9,No,No,4,Card
429,7/30/2026,1429,VIP,Kenya,Payment Failure,Phone,16,58,12,No,Yes,2,Airtel Money
430,7/22/2026,1430,New,Ghana,Payment Failure,Phone,2,40,15,No,Yes,2,MTN MoMo
431,7/18/2026,1431,New,Kenya,Verification,Social,22,25,2,No,No,4,Card
432,7/22/2026,1432,New,Ghana,Bonus Issue,Email,14,47,15,No,No,5,Flutterwave
433,7/18/2026,1433,VIP,Rwanda,Login Issue,Email,5,47,12,Yes,No,4,Flutterwave
434,7/30/2026,1434,Returning,Cameroon,Login Issue,Chat,6,48,14,Yes,No,3,MTN MoMo
435,7/25/2026,1435,Returning,Kenya,Payment Failure,Social,24,43,3,No,No,3,MTN MoMo
436,7/5/2026,1436,VIP,Ghana,Login Issue,Phone,20,80,10,Yes,No,3,Card
437,7/8/2026,1437,Returning,Cameroon,Bonus Issue,Social,5,72,14,No,No,3,Airtel Money
438,7/6/2026,1438,Returning,Rwanda,Cashout Delay,Email,7,36,1,No,No,5,MTN MoMo
439,7/30/2026,1439,New,Rwanda,Payment Failure,Email,3,30,15,No,No,3,Flutterwave
440,7/28/2026,1440,New,Uganda,Technical Bug,Social,25,13,10,No,No,5,Airtel Money
441,7/13/2026,1441,Returning,Uganda,Payment Failure,Chat,8,74,9,No,No,1,MTN MoMo
442,7/18/2026,1442,New,Kenya,Cashout Delay,Social,13,46,13,No,No,3,Flutterwave
443,7/6/2026,1443,VIP,Cameroon,Cashout Delay,Email,15,65,2,Yes,No,4,Orange Money
444,7/25/2026,1444,Returning,Kenya,Login Issue,Social,1,30,8,Yes,No,5,Flutterwave
445,7/3/2026,1445,VIP,Rwanda,Verification,Chat,3,22,12,No,No,4,Airtel Money
446,7/3/2026,1446,Returning,Ghana,Cashout Delay,Social,2,29,15,No,No,4,Card
447,7/28/2026,1447,New,Rwanda,Login Issue,Chat,14,47,5,No,No,3,Airtel Money
448,7/21/2026,1448,New,Cameroon,Payment Failure,Phone,1,66,8,No,No,2,Card
449,7/26/2026,1449,New,Rwanda,Payment Failure,Social,15,60,8,No,Yes,3,Card
450,7/1/2026,1450,VIP,Ghana,Bonus Issue,Email,2,31,3,Yes,No,4,Airtel Money
451,7/2/2026,1451,VIP,Ghana,Login Issue,Phone,11,19,1,Yes,No,3,Flutterwave
452,7/6/2026,1452,VIP,Ghana,Login Issue,Email,15,54,15,Yes,No,4,MTN MoMo
453,7/25/2026,1453,Returning,Cameroon,Payment Failure,Social,18,16,5,No,Yes,2,MTN MoMo
454,7/23/2026,1454,VIP,Rwanda,Technical Bug,Email,20,15,2,Yes,No,5,Flutterwave
455,7/24/2026,1455,VIP,Kenya,Verification,Phone,17,53,15,Yes,No,5,Card
456,7/19/2026,1456,New,Ghana,Feature Request,Email,23,45,4,Yes,No,5,MTN MoMo
457,7/1/2026,1457,VIP,Rwanda,Feature Request,Social,14,13,6,No,No,3,Card
458,7/26/2026,1458,VIP,Kenya,Payment Failure,Phone,3,47,5,No,Yes,2,Airtel Money
459,7/25/2026,1459,Returning,Uganda,Payment Failure,Chat,6,32,6,No,No,2,Flutterwave
460,7/30/2026,1460,Returning,Rwanda,Payment Failure,Social,18,50,8,No,No,2,Flutterwave
461,7/30/2026,1461,VIP,Ghana,Verification,Chat,7,50,13,No,No,4,MTN MoMo
462,7/5/2026,1462,Returning,Uganda,Verification,Email,19,57,3,Yes,No,3,Airtel Money
463,7/23/2026,1463,Returning,Cameroon,Payment Failure,Social,8,55,8,No,No,2,Airtel Money
464,7/7/2026,1464,New,Kenya,Verification,Chat,25,33,15,Yes,No,4,Flutterwave
465,7/17/2026,1465,VIP,Rwanda,Payment Failure,Email,11,69,12,No,No,3,Airtel Money
466,7/5/2026,1466,New,Cameroon,Withdrawal Delay,Social,13,74,2,Yes,No,4,Airtel Money
467,7/30/2026,1467,Returning,Uganda,Payment Failure,Chat,4,74,13,No,No,1,Airtel Money
468,7/1/2026,1468,Returning,Rwanda,Verification,Email,10,43,9,No,No,4,Flutterwave
469,7/22/2026,1469,New,Kenya,Payment Failure,Chat,1,79,9,No,Yes,2,Card
470,7/12/2026,1470,New,Kenya,Technical Bug,Email,6,17,5,No,No,4,Card
471,7/15/2026,1471,New,Uganda,Payment Failure,Chat,4,57,1,Yes,No,2,Flutterwave
472,7/13/2026,1472,VIP,Kenya,Login Issue,Phone,11,33,12,Yes,No,5,Flutterwave
473,7/19/2026,1473,New,Uganda,Payment Failure,Phone,22,67,8,No,Yes,3,Orange Money
474,7/5/2026,1474,Returning,Rwanda,Verification,Phone,11,66,8,Yes,No,4,MTN MoMo
475,7/16/2026,1475,Returning,Uganda,Withdrawal Delay,Email,10,52,10,Yes,No,4,Card
476,7/4/2026,1476,Returning,Ghana,Cashout Delay,Chat,10,76,8,No,No,3,Card
477,7/14/2026,1477,VIP,Rwanda,Bonus Issue,Social,13,16,6,Yes,No,4,Card
478,7/14/2026,1478,VIP,Rwanda,Cashout Delay,Email,22,17,12,No,No,4,MTN MoMo
479,7/19/2026,1479,Returning,Rwanda,Technical Bug,Phone,13,16,10,Yes,No,2,Card
480,7/25/2026,1480,VIP,Cameroon,Technical Bug,Chat,7,25,15,Yes,No,5,Orange Money
481,7/22/2026,1481,Returning,Ghana,Payment Failure,Social,7,34,11,No,No,2,Airtel Money
482,7/19/2026,1482,VIP,Kenya,Verification,Chat,19,9,10,No,No,5,Orange Money
483,7/28/2026,1483,VIP,Cameroon,Payment Failure,Chat,23,79,14,No,No,2,MTN MoMo
484,7/28/2026,1484,New,Uganda,Payment Failure,Social,21,48,12,No,Yes,1,Flutterwave
485,7/14/2026,1485,Returning,Rwanda,Bonus Issue,Email,18,57,14,No,No,4,Flutterwave
486,7/5/2026,1486,New,Cameroon,Verification,Chat,21,10,3,No,No,4,Flutterwave
487,7/5/2026,1487,VIP,Uganda,Withdrawal Delay,Social,23,62,10,Yes,No,4,Flutterwave
488,7/17/2026,1488,Returning,Kenya,Cashout Delay,Email,6,62,10,Yes,No,5,Card
489,7/16/2026,1489,Returning,Ghana,Bonus Issue,Phone,2,12,10,No,No,4,Airtel Money
490,7/4/2026,1490,New,Ghana,Feature Request,Phone,15,74,2,Yes,No,3,Orange Money
491,7/16/2026,1491,VIP,Cameroon,Withdrawal Delay,Phone,18,9,8,No,No,4,Card
492,7/29/2026,1492,Returning,Kenya,Technical Bug,Phone,6,12,12,No,No,5,Card
493,7/9/2026,1493,VIP,Rwanda,Payment Failure,Chat,22,45,13,Yes,No,3,Airtel Money
494,7/16/2026,1494,VIP,Cameroon,Withdrawal Delay,Phone,9,24,10,No,No,4,Airtel Money
495,7/28/2026,1495,VIP,Rwanda,Payment Failure,Email,22,65,6,No,No,1,Airtel Money
496,7/26/2026,1496,VIP,Cameroon,Feature Request,Phone,3,26,10,Yes,No,3,Flutterwave
497,7/25/2026,1497,VIP,Uganda,Cashout Delay,Email,7,52,1,No,No,3,MTN MoMo
498,7/2/2026,1498,Returning,Uganda,Login Issue,Phone,16,76,4,No,No,5,Flutterwave
499,7/16/2026,1499,VIP,Uganda,Verification,Chat,10,65,7,No,No,4,Card
500,7/22/2026,1500,Returning,Ghana,Withdrawal Delay,Phone,11,42,5,Yes,No,4,Airtel Money
